{"cameraMode":{"drawMode":0,"name":"Shaded","section":"Shading Mode"},"sceneLighting":false,"audioPlay":false,"sceneViewState":{"showFog":false,"showMaterialUpdate":false,"showSkybox":false,"showFlares":false,"showImageEffects":false,"showParticleSystems":false},"in2DMode":false,"pivot":{"x":0.6767586469650269,"y":0.20140409469604493,"z":0.12264487147331238},"rotation":{"x":0.2915930151939392,"y":-0.6494947075843811,"z":0.2978091537952423,"w":0.6360067129135132},"size":1.414497971534729,"orthographic":false}