{"cameraMode":{"drawMode":0,"name":"Shaded","section":"Shading Mode"},"sceneLighting":false,"audioPlay":false,"sceneViewState":{"showFog":false,"showMaterialUpdate":false,"showSkybox":false,"showFlares":false,"showImageEffects":false,"showParticleSystems":false},"in2DMode":false,"pivot":{"x":0.4957888126373291,"y":0.6429510116577148,"z":-0.1768818497657776},"rotation":{"x":-0.1087273582816124,"y":0.8236397504806519,"z":-0.16884756088256837,"w":-0.5303725004196167},"size":1.2247449159622193,"orthographic":false}