{"cameraMode":{"drawMode":0,"name":"Shaded","section":"Shading Mode"},"sceneLighting":false,"audioPlay":false,"sceneViewState":{"showFog":false,"showMaterialUpdate":false,"showSkybox":false,"showFlares":false,"showImageEffects":false,"showParticleSystems":false},"in2DMode":false,"pivot":{"x":-0.44186997413635256,"y":-0.8698690533638,"z":1.113984227180481},"rotation":{"x":-0.2429768443107605,"y":0.39125338196754458,"z":-0.10793442279100418,"w":-0.881073534488678},"size":1.72782564163208,"orthographic":false}