{"cameraMode":{"drawMode":0,"name":"Shaded","section":"Shading Mode"},"sceneLighting":false,"audioPlay":false,"sceneViewState":{"showFog":false,"showMaterialUpdate":false,"showSkybox":false,"showFlares":false,"showImageEffects":false,"showParticleSystems":false},"in2DMode":false,"pivot":{"x":-0.9052994251251221,"y":1.249131202697754,"z":-0.3599700331687927},"rotation":{"x":-0.2439892292022705,"y":-0.6640444993972778,"z":0.24428007006645204,"w":-0.6632348299026489},"size":1.4144976139068604,"orthographic":false}