{"cameraMode":{"drawMode":0,"name":"Shaded","section":"Shading Mode"},"sceneLighting":false,"audioPlay":false,"sceneViewState":{"showFog":false,"showMaterialUpdate":false,"showSkybox":false,"showFlares":false,"showImageEffects":false,"showParticleSystems":false},"in2DMode":false,"pivot":{"x":2.169478416442871,"y":2.0854310989379885,"z":10.72449779510498},"rotation":{"x":0.0015303922118619085,"y":-0.9788379073143005,"z":0.20464518666267396,"w":0.007651283405721188},"size":1.72782564163208,"orthographic":false}