{"cameraMode":{"drawMode":0,"name":"Shaded","section":"Shading Mode"},"sceneLighting":false,"audioPlay":false,"sceneViewState":{"showFog":false,"showMaterialUpdate":false,"showSkybox":false,"showFlares":false,"showImageEffects":false,"showParticleSystems":false},"in2DMode":false,"pivot":{"x":0.20813298225402833,"y":-0.2810952663421631,"z":0.7588648796081543},"rotation":{"x":0.04201635345816612,"y":-0.9429969191551209,"z":0.3032134771347046,"w":0.1306746006011963},"size":1.594218134880066,"orthographic":false}