{"cameraMode":{"drawMode":0,"name":"Shaded","section":"Shading Mode"},"sceneLighting":false,"audioPlay":false,"sceneViewState":{"showFog":false,"showMaterialUpdate":false,"showSkybox":false,"showFlares":false,"showImageEffects":false,"showParticleSystems":false},"in2DMode":false,"pivot":{"x":0.47541487216949465,"y":0.1812230348587036,"z":0.42122602462768557},"rotation":{"x":-0.15597254037857057,"y":0.8265626430511475,"z":-0.2778654396533966,"w":-0.4639764428138733},"size":1.4144976139068604,"orthographic":false}